image_path,true_label,true_class,transform,prob_ai,pred,correct
data\val\real\000000000139.jpg,0,real,clean,0.324803,0,1
data\val\real\000000000285.jpg,0,real,clean,0.045032,0,1
data\val\real\000000000632.jpg,0,real,clean,0.523719,1,0
data\val\real\000000000724.jpg,0,real,clean,0.132605,0,1
data\val\real\000000000776.jpg,0,real,clean,0.066946,0,1
data\val\real\000000000785.jpg,0,real,clean,0.436697,0,1
data\val\real\000000000802.jpg,0,real,clean,0.005188,0,1
data\val\real\000000000872.jpg,0,real,clean,0.003198,0,1
data\val\real\000000000885.jpg,0,real,clean,0.225020,0,1
data\val\real\000000001000.jpg,0,real,clean,0.016431,0,1
data\val\real\000000001268.jpg,0,real,clean,0.017261,0,1
data\val\real\000000001296.jpg,0,real,clean,0.049221,0,1
data\val\real\000000001353.jpg,0,real,clean,0.006631,0,1
data\val\real\000000001425.jpg,0,real,clean,0.333512,0,1
data\val\real\000000001490.jpg,0,real,clean,0.015036,0,1
data\val\real\000000001503.jpg,0,real,clean,0.011792,0,1
data\val\real\000000001532.jpg,0,real,clean,0.093694,0,1
data\val\real\000000001584.jpg,0,real,clean,0.282932,0,1
data\val\real\000000001675.jpg,0,real,clean,0.005782,0,1
data\val\real\000000001761.jpg,0,real,clean,0.027285,0,1
data\wildfake\Images\Diffusion_based\DALLE\DALLE\Advanced\DALLE3\dalle3\202311011943129901ca391019566e\0000bc251bd2e98239266f18c7422f00.jpg,1,ai,clean,0.999966,1,1
data\wildfake\Images\Diffusion_based\DALLE\DALLE\Advanced\DALLE3\dalle3\202311011943129901ca391019566e\001f5052a8976abf8628979c0a3295fd.jpg,1,ai,clean,0.997122,1,1
data\wildfake\Images\Diffusion_based\DALLE\DALLE\Advanced\DALLE3\dalle3\202311011943129901ca391019566e\003a4c6ab6f2b3ab9658a92b5f05945e.jpg,1,ai,clean,0.999775,1,1
data\wildfake\Images\Diffusion_based\DALLE\DALLE\Advanced\DALLE3\dalle3\202311011943129901ca391019566e\0043fbaa145d5c0a2a40d46645ed83cb.jpg,1,ai,clean,0.993626,1,1
data\wildfake\Images\Diffusion_based\DALLE\DALLE\Advanced\DALLE3\dalle3\202311011943129901ca391019566e\00470ad00ea26cb498a51499f937e52b.jpg,1,ai,clean,0.969394,1,1
data\wildfake\Images\Diffusion_based\DALLE\DALLE\Advanced\DALLE3\dalle3\202311011943129901ca391019566e\0052d17a5ef60d0d179717f85046f4b1.jpg,1,ai,clean,0.854511,1,1
data\wildfake\Images\Diffusion_based\DALLE\DALLE\Advanced\DALLE3\dalle3\202311011943129901ca391019566e\009bbc62119d37a8fbb83bb9e0dbc508.jpg,1,ai,clean,0.998436,1,1
data\wildfake\Images\Diffusion_based\DALLE\DALLE\Advanced\DALLE3\dalle3\202311011943129901ca391019566e\00c573bb9bc5a7eb21bc3be7ae501662.jpg,1,ai,clean,0.811298,1,1
data\wildfake\Images\Diffusion_based\DALLE\DALLE\Advanced\DALLE3\dalle3\202311011943129901ca391019566e\00d38429f2b27b0c1704ee2e62d7a990.jpg,1,ai,clean,0.911341,1,1
data\wildfake\Images\Diffusion_based\DALLE\DALLE\Advanced\DALLE3\dalle3\202311011943129901ca391019566e\00d73c1e7e3b3890737927fc56ce6e63.jpg,1,ai,clean,0.992881,1,1
data\wildfake\Images\Diffusion_based\DALLE\DALLE\Advanced\DALLE3\dalle3\202311011943129901ca391019566e\00fcdf259a2e197eea470d5df3473c65.jpg,1,ai,clean,0.996233,1,1
data\wildfake\Images\Diffusion_based\DALLE\DALLE\Advanced\DALLE3\dalle3\202311011943129901ca391019566e\01007fafc81c71ac48435ee0c7d4f2e3.jpg,1,ai,clean,0.996544,1,1
data\wildfake\Images\Diffusion_based\DALLE\DALLE\Advanced\DALLE3\dalle3\202311011943129901ca391019566e\010d7366d58b4b5c787bcad069c1730b.jpg,1,ai,clean,0.998521,1,1
data\wildfake\Images\Diffusion_based\DALLE\DALLE\Advanced\DALLE3\dalle3\202311011943129901ca391019566e\012bdc65f98678a9d2f300d3828985c2.jpg,1,ai,clean,0.946352,1,1
data\wildfake\Images\Diffusion_based\DALLE\DALLE\Advanced\DALLE3\dalle3\202311011943129901ca391019566e\01427a315cdbac9741097790f78aa0fe.jpg,1,ai,clean,0.998513,1,1
data\wildfake\Images\Diffusion_based\DALLE\DALLE\Advanced\DALLE3\dalle3\202311011943129901ca391019566e\01686507673b71e4d1fae61f9f3f305b.jpg,1,ai,clean,0.996363,1,1
data\wildfake\Images\Diffusion_based\DALLE\DALLE\Advanced\DALLE3\dalle3\202311011943129901ca391019566e\0199b3d7eac3efb5e6a57ec8044c6f87.jpg,1,ai,clean,0.998179,1,1
data\wildfake\Images\Diffusion_based\DALLE\DALLE\Advanced\DALLE3\dalle3\202311011943129901ca391019566e\019e486743b8e231bc299da988d9e6c8.jpg,1,ai,clean,0.751398,1,1
data\wildfake\Images\Diffusion_based\DALLE\DALLE\Advanced\DALLE3\dalle3\202311011943129901ca391019566e\01ba9ec6bf20f7713b2367189281182e.jpg,1,ai,clean,0.997064,1,1
data\wildfake\Images\Diffusion_based\DALLE\DALLE\Advanced\DALLE3\dalle3\202311011943129901ca391019566e\021108a4d05cd0b11e99b0138260665a.jpg,1,ai,clean,0.898175,1,1
data\val\real\000000000139.jpg,0,real,jpeg_q90,0.263106,0,1
data\val\real\000000000285.jpg,0,real,jpeg_q90,0.034478,0,1
data\val\real\000000000632.jpg,0,real,jpeg_q90,0.463971,0,1
data\val\real\000000000724.jpg,0,real,jpeg_q90,0.132114,0,1
data\val\real\000000000776.jpg,0,real,jpeg_q90,0.027929,0,1
data\val\real\000000000785.jpg,0,real,jpeg_q90,0.166167,0,1
data\val\real\000000000802.jpg,0,real,jpeg_q90,0.005340,0,1
data\val\real\000000000872.jpg,0,real,jpeg_q90,0.007705,0,1
data\val\real\000000000885.jpg,0,real,jpeg_q90,0.150825,0,1
data\val\real\000000001000.jpg,0,real,jpeg_q90,0.017456,0,1
data\val\real\000000001268.jpg,0,real,jpeg_q90,0.014115,0,1
data\val\real\000000001296.jpg,0,real,jpeg_q90,0.034518,0,1
data\val\real\000000001353.jpg,0,real,jpeg_q90,0.005377,0,1
data\val\real\000000001425.jpg,0,real,jpeg_q90,0.272704,0,1
data\val\real\000000001490.jpg,0,real,jpeg_q90,0.010085,0,1
data\val\real\000000001503.jpg,0,real,jpeg_q90,0.063816,0,1
data\val\real\000000001532.jpg,0,real,jpeg_q90,0.064150,0,1
data\val\real\000000001584.jpg,0,real,jpeg_q90,0.276077,0,1
data\val\real\000000001675.jpg,0,real,jpeg_q90,0.008286,0,1
data\val\real\000000001761.jpg,0,real,jpeg_q90,0.012132,0,1
data\wildfake\Images\Diffusion_based\DALLE\DALLE\Advanced\DALLE3\dalle3\202311011943129901ca391019566e\0000bc251bd2e98239266f18c7422f00.jpg,1,ai,jpeg_q90,0.999958,1,1
data\wildfake\Images\Diffusion_based\DALLE\DALLE\Advanced\DALLE3\dalle3\202311011943129901ca391019566e\001f5052a8976abf8628979c0a3295fd.jpg,1,ai,jpeg_q90,0.996721,1,1
data\wildfake\Images\Diffusion_based\DALLE\DALLE\Advanced\DALLE3\dalle3\202311011943129901ca391019566e\003a4c6ab6f2b3ab9658a92b5f05945e.jpg,1,ai,jpeg_q90,0.999715,1,1
data\wildfake\Images\Diffusion_based\DALLE\DALLE\Advanced\DALLE3\dalle3\202311011943129901ca391019566e\0043fbaa145d5c0a2a40d46645ed83cb.jpg,1,ai,jpeg_q90,0.993678,1,1
data\wildfake\Images\Diffusion_based\DALLE\DALLE\Advanced\DALLE3\dalle3\202311011943129901ca391019566e\00470ad00ea26cb498a51499f937e52b.jpg,1,ai,jpeg_q90,0.969223,1,1
data\wildfake\Images\Diffusion_based\DALLE\DALLE\Advanced\DALLE3\dalle3\202311011943129901ca391019566e\0052d17a5ef60d0d179717f85046f4b1.jpg,1,ai,jpeg_q90,0.849069,1,1
data\wildfake\Images\Diffusion_based\DALLE\DALLE\Advanced\DALLE3\dalle3\202311011943129901ca391019566e\009bbc62119d37a8fbb83bb9e0dbc508.jpg,1,ai,jpeg_q90,0.998497,1,1
data\wildfake\Images\Diffusion_based\DALLE\DALLE\Advanced\DALLE3\dalle3\202311011943129901ca391019566e\00c573bb9bc5a7eb21bc3be7ae501662.jpg,1,ai,jpeg_q90,0.764691,1,1
data\wildfake\Images\Diffusion_based\DALLE\DALLE\Advanced\DALLE3\dalle3\202311011943129901ca391019566e\00d38429f2b27b0c1704ee2e62d7a990.jpg,1,ai,jpeg_q90,0.913523,1,1
data\wildfake\Images\Diffusion_based\DALLE\DALLE\Advanced\DALLE3\dalle3\202311011943129901ca391019566e\00d73c1e7e3b3890737927fc56ce6e63.jpg,1,ai,jpeg_q90,0.993028,1,1
data\wildfake\Images\Diffusion_based\DALLE\DALLE\Advanced\DALLE3\dalle3\202311011943129901ca391019566e\00fcdf259a2e197eea470d5df3473c65.jpg,1,ai,jpeg_q90,0.995877,1,1
data\wildfake\Images\Diffusion_based\DALLE\DALLE\Advanced\DALLE3\dalle3\202311011943129901ca391019566e\01007fafc81c71ac48435ee0c7d4f2e3.jpg,1,ai,jpeg_q90,0.996439,1,1
data\wildfake\Images\Diffusion_based\DALLE\DALLE\Advanced\DALLE3\dalle3\202311011943129901ca391019566e\010d7366d58b4b5c787bcad069c1730b.jpg,1,ai,jpeg_q90,0.998510,1,1
data\wildfake\Images\Diffusion_based\DALLE\DALLE\Advanced\DALLE3\dalle3\202311011943129901ca391019566e\012bdc65f98678a9d2f300d3828985c2.jpg,1,ai,jpeg_q90,0.943474,1,1
data\wildfake\Images\Diffusion_based\DALLE\DALLE\Advanced\DALLE3\dalle3\202311011943129901ca391019566e\01427a315cdbac9741097790f78aa0fe.jpg,1,ai,jpeg_q90,0.998574,1,1
data\wildfake\Images\Diffusion_based\DALLE\DALLE\Advanced\DALLE3\dalle3\202311011943129901ca391019566e\01686507673b71e4d1fae61f9f3f305b.jpg,1,ai,jpeg_q90,0.996093,1,1
data\wildfake\Images\Diffusion_based\DALLE\DALLE\Advanced\DALLE3\dalle3\202311011943129901ca391019566e\0199b3d7eac3efb5e6a57ec8044c6f87.jpg,1,ai,jpeg_q90,0.998239,1,1
data\wildfake\Images\Diffusion_based\DALLE\DALLE\Advanced\DALLE3\dalle3\202311011943129901ca391019566e\019e486743b8e231bc299da988d9e6c8.jpg,1,ai,jpeg_q90,0.805770,1,1
data\wildfake\Images\Diffusion_based\DALLE\DALLE\Advanced\DALLE3\dalle3\202311011943129901ca391019566e\01ba9ec6bf20f7713b2367189281182e.jpg,1,ai,jpeg_q90,0.996633,1,1
data\wildfake\Images\Diffusion_based\DALLE\DALLE\Advanced\DALLE3\dalle3\202311011943129901ca391019566e\021108a4d05cd0b11e99b0138260665a.jpg,1,ai,jpeg_q90,0.869283,1,1
data\val\real\000000000139.jpg,0,real,jpeg_q70,0.216769,0,1
data\val\real\000000000285.jpg,0,real,jpeg_q70,0.022782,0,1
data\val\real\000000000632.jpg,0,real,jpeg_q70,0.026427,0,1
data\val\real\000000000724.jpg,0,real,jpeg_q70,0.065556,0,1
data\val\real\000000000776.jpg,0,real,jpeg_q70,0.016350,0,1
data\val\real\000000000785.jpg,0,real,jpeg_q70,0.079455,0,1
data\val\real\000000000802.jpg,0,real,jpeg_q70,0.003277,0,1
data\val\real\000000000872.jpg,0,real,jpeg_q70,0.002122,0,1
data\val\real\000000000885.jpg,0,real,jpeg_q70,0.107630,0,1
data\val\real\000000001000.jpg,0,real,jpeg_q70,0.015484,0,1
data\val\real\000000001268.jpg,0,real,jpeg_q70,0.014028,0,1
data\val\real\000000001296.jpg,0,real,jpeg_q70,0.010709,0,1
data\val\real\000000001353.jpg,0,real,jpeg_q70,0.000687,0,1
data\val\real\000000001425.jpg,0,real,jpeg_q70,0.322699,0,1
data\val\real\000000001490.jpg,0,real,jpeg_q70,0.043694,0,1
data\val\real\000000001503.jpg,0,real,jpeg_q70,0.043466,0,1
data\val\real\000000001532.jpg,0,real,jpeg_q70,0.039912,0,1
data\val\real\000000001584.jpg,0,real,jpeg_q70,0.314386,0,1
data\val\real\000000001675.jpg,0,real,jpeg_q70,0.003915,0,1
data\val\real\000000001761.jpg,0,real,jpeg_q70,0.008939,0,1
data\wildfake\Images\Diffusion_based\DALLE\DALLE\Advanced\DALLE3\dalle3\202311011943129901ca391019566e\0000bc251bd2e98239266f18c7422f00.jpg,1,ai,jpeg_q70,0.999953,1,1
data\wildfake\Images\Diffusion_based\DALLE\DALLE\Advanced\DALLE3\dalle3\202311011943129901ca391019566e\001f5052a8976abf8628979c0a3295fd.jpg,1,ai,jpeg_q70,0.995379,1,1
data\wildfake\Images\Diffusion_based\DALLE\DALLE\Advanced\DALLE3\dalle3\202311011943129901ca391019566e\003a4c6ab6f2b3ab9658a92b5f05945e.jpg,1,ai,jpeg_q70,0.999443,1,1
data\wildfake\Images\Diffusion_based\DALLE\DALLE\Advanced\DALLE3\dalle3\202311011943129901ca391019566e\0043fbaa145d5c0a2a40d46645ed83cb.jpg,1,ai,jpeg_q70,0.991537,1,1
data\wildfake\Images\Diffusion_based\DALLE\DALLE\Advanced\DALLE3\dalle3\202311011943129901ca391019566e\00470ad00ea26cb498a51499f937e52b.jpg,1,ai,jpeg_q70,0.969280,1,1
data\wildfake\Images\Diffusion_based\DALLE\DALLE\Advanced\DALLE3\dalle3\202311011943129901ca391019566e\0052d17a5ef60d0d179717f85046f4b1.jpg,1,ai,jpeg_q70,0.825479,1,1
data\wildfake\Images\Diffusion_based\DALLE\DALLE\Advanced\DALLE3\dalle3\202311011943129901ca391019566e\009bbc62119d37a8fbb83bb9e0dbc508.jpg,1,ai,jpeg_q70,0.995440,1,1
data\wildfake\Images\Diffusion_based\DALLE\DALLE\Advanced\DALLE3\dalle3\202311011943129901ca391019566e\00c573bb9bc5a7eb21bc3be7ae501662.jpg,1,ai,jpeg_q70,0.684664,1,1
data\wildfake\Images\Diffusion_based\DALLE\DALLE\Advanced\DALLE3\dalle3\202311011943129901ca391019566e\00d38429f2b27b0c1704ee2e62d7a990.jpg,1,ai,jpeg_q70,0.896162,1,1
data\wildfake\Images\Diffusion_based\DALLE\DALLE\Advanced\DALLE3\dalle3\202311011943129901ca391019566e\00d73c1e7e3b3890737927fc56ce6e63.jpg,1,ai,jpeg_q70,0.982540,1,1
data\wildfake\Images\Diffusion_based\DALLE\DALLE\Advanced\DALLE3\dalle3\202311011943129901ca391019566e\00fcdf259a2e197eea470d5df3473c65.jpg,1,ai,jpeg_q70,0.993194,1,1
data\wildfake\Images\Diffusion_based\DALLE\DALLE\Advanced\DALLE3\dalle3\202311011943129901ca391019566e\01007fafc81c71ac48435ee0c7d4f2e3.jpg,1,ai,jpeg_q70,0.996291,1,1
data\wildfake\Images\Diffusion_based\DALLE\DALLE\Advanced\DALLE3\dalle3\202311011943129901ca391019566e\010d7366d58b4b5c787bcad069c1730b.jpg,1,ai,jpeg_q70,0.996634,1,1
data\wildfake\Images\Diffusion_based\DALLE\DALLE\Advanced\DALLE3\dalle3\202311011943129901ca391019566e\012bdc65f98678a9d2f300d3828985c2.jpg,1,ai,jpeg_q70,0.907054,1,1
data\wildfake\Images\Diffusion_based\DALLE\DALLE\Advanced\DALLE3\dalle3\202311011943129901ca391019566e\01427a315cdbac9741097790f78aa0fe.jpg,1,ai,jpeg_q70,0.997409,1,1
data\wildfake\Images\Diffusion_based\DALLE\DALLE\Advanced\DALLE3\dalle3\202311011943129901ca391019566e\01686507673b71e4d1fae61f9f3f305b.jpg,1,ai,jpeg_q70,0.992055,1,1
data\wildfake\Images\Diffusion_based\DALLE\DALLE\Advanced\DALLE3\dalle3\202311011943129901ca391019566e\0199b3d7eac3efb5e6a57ec8044c6f87.jpg,1,ai,jpeg_q70,0.997208,1,1
data\wildfake\Images\Diffusion_based\DALLE\DALLE\Advanced\DALLE3\dalle3\202311011943129901ca391019566e\019e486743b8e231bc299da988d9e6c8.jpg,1,ai,jpeg_q70,0.660350,1,1
data\wildfake\Images\Diffusion_based\DALLE\DALLE\Advanced\DALLE3\dalle3\202311011943129901ca391019566e\01ba9ec6bf20f7713b2367189281182e.jpg,1,ai,jpeg_q70,0.994902,1,1
data\wildfake\Images\Diffusion_based\DALLE\DALLE\Advanced\DALLE3\dalle3\202311011943129901ca391019566e\021108a4d05cd0b11e99b0138260665a.jpg,1,ai,jpeg_q70,0.754124,1,1
data\val\real\000000000139.jpg,0,real,jpeg_q50,0.261418,0,1
data\val\real\000000000285.jpg,0,real,jpeg_q50,0.015303,0,1
data\val\real\000000000632.jpg,0,real,jpeg_q50,0.170446,0,1
data\val\real\000000000724.jpg,0,real,jpeg_q50,0.038419,0,1
data\val\real\000000000776.jpg,0,real,jpeg_q50,0.049091,0,1
data\val\real\000000000785.jpg,0,real,jpeg_q50,0.027141,0,1
data\val\real\000000000802.jpg,0,real,jpeg_q50,0.002179,0,1
data\val\real\000000000872.jpg,0,real,jpeg_q50,0.002015,0,1
data\val\real\000000000885.jpg,0,real,jpeg_q50,0.085617,0,1
data\val\real\000000001000.jpg,0,real,jpeg_q50,0.006293,0,1
data\val\real\000000001268.jpg,0,real,jpeg_q50,0.015353,0,1
data\val\real\000000001296.jpg,0,real,jpeg_q50,0.022622,0,1
data\val\real\000000001353.jpg,0,real,jpeg_q50,0.001939,0,1
data\val\real\000000001425.jpg,0,real,jpeg_q50,0.288201,0,1
data\val\real\000000001490.jpg,0,real,jpeg_q50,0.083427,0,1
data\val\real\000000001503.jpg,0,real,jpeg_q50,0.049195,0,1
data\val\real\000000001532.jpg,0,real,jpeg_q50,0.048491,0,1
data\val\real\000000001584.jpg,0,real,jpeg_q50,0.414124,0,1
data\val\real\000000001675.jpg,0,real,jpeg_q50,0.005384,0,1
data\val\real\000000001761.jpg,0,real,jpeg_q50,0.005738,0,1
data\wildfake\Images\Diffusion_based\DALLE\DALLE\Advanced\DALLE3\dalle3\202311011943129901ca391019566e\0000bc251bd2e98239266f18c7422f00.jpg,1,ai,jpeg_q50,0.999950,1,1
data\wildfake\Images\Diffusion_based\DALLE\DALLE\Advanced\DALLE3\dalle3\202311011943129901ca391019566e\001f5052a8976abf8628979c0a3295fd.jpg,1,ai,jpeg_q50,0.995426,1,1
data\wildfake\Images\Diffusion_based\DALLE\DALLE\Advanced\DALLE3\dalle3\202311011943129901ca391019566e\003a4c6ab6f2b3ab9658a92b5f05945e.jpg,1,ai,jpeg_q50,0.999806,1,1
data\wildfake\Images\Diffusion_based\DALLE\DALLE\Advanced\DALLE3\dalle3\202311011943129901ca391019566e\0043fbaa145d5c0a2a40d46645ed83cb.jpg,1,ai,jpeg_q50,0.994760,1,1
data\wildfake\Images\Diffusion_based\DALLE\DALLE\Advanced\DALLE3\dalle3\202311011943129901ca391019566e\00470ad00ea26cb498a51499f937e52b.jpg,1,ai,jpeg_q50,0.976091,1,1
data\wildfake\Images\Diffusion_based\DALLE\DALLE\Advanced\DALLE3\dalle3\202311011943129901ca391019566e\0052d17a5ef60d0d179717f85046f4b1.jpg,1,ai,jpeg_q50,0.892551,1,1
data\wildfake\Images\Diffusion_based\DALLE\DALLE\Advanced\DALLE3\dalle3\202311011943129901ca391019566e\009bbc62119d37a8fbb83bb9e0dbc508.jpg,1,ai,jpeg_q50,0.996893,1,1
data\wildfake\Images\Diffusion_based\DALLE\DALLE\Advanced\DALLE3\dalle3\202311011943129901ca391019566e\00c573bb9bc5a7eb21bc3be7ae501662.jpg,1,ai,jpeg_q50,0.813766,1,1
data\wildfake\Images\Diffusion_based\DALLE\DALLE\Advanced\DALLE3\dalle3\202311011943129901ca391019566e\00d38429f2b27b0c1704ee2e62d7a990.jpg,1,ai,jpeg_q50,0.856699,1,1
data\wildfake\Images\Diffusion_based\DALLE\DALLE\Advanced\DALLE3\dalle3\202311011943129901ca391019566e\00d73c1e7e3b3890737927fc56ce6e63.jpg,1,ai,jpeg_q50,0.952556,1,1
data\wildfake\Images\Diffusion_based\DALLE\DALLE\Advanced\DALLE3\dalle3\202311011943129901ca391019566e\00fcdf259a2e197eea470d5df3473c65.jpg,1,ai,jpeg_q50,0.991495,1,1
data\wildfake\Images\Diffusion_based\DALLE\DALLE\Advanced\DALLE3\dalle3\202311011943129901ca391019566e\01007fafc81c71ac48435ee0c7d4f2e3.jpg,1,ai,jpeg_q50,0.992935,1,1
data\wildfake\Images\Diffusion_based\DALLE\DALLE\Advanced\DALLE3\dalle3\202311011943129901ca391019566e\010d7366d58b4b5c787bcad069c1730b.jpg,1,ai,jpeg_q50,0.998005,1,1
data\wildfake\Images\Diffusion_based\DALLE\DALLE\Advanced\DALLE3\dalle3\202311011943129901ca391019566e\012bdc65f98678a9d2f300d3828985c2.jpg,1,ai,jpeg_q50,0.932417,1,1
data\wildfake\Images\Diffusion_based\DALLE\DALLE\Advanced\DALLE3\dalle3\202311011943129901ca391019566e\01427a315cdbac9741097790f78aa0fe.jpg,1,ai,jpeg_q50,0.997419,1,1
data\wildfake\Images\Diffusion_based\DALLE\DALLE\Advanced\DALLE3\dalle3\202311011943129901ca391019566e\01686507673b71e4d1fae61f9f3f305b.jpg,1,ai,jpeg_q50,0.994214,1,1
data\wildfake\Images\Diffusion_based\DALLE\DALLE\Advanced\DALLE3\dalle3\202311011943129901ca391019566e\0199b3d7eac3efb5e6a57ec8044c6f87.jpg,1,ai,jpeg_q50,0.995683,1,1
data\wildfake\Images\Diffusion_based\DALLE\DALLE\Advanced\DALLE3\dalle3\202311011943129901ca391019566e\019e486743b8e231bc299da988d9e6c8.jpg,1,ai,jpeg_q50,0.569891,1,1
data\wildfake\Images\Diffusion_based\DALLE\DALLE\Advanced\DALLE3\dalle3\202311011943129901ca391019566e\01ba9ec6bf20f7713b2367189281182e.jpg,1,ai,jpeg_q50,0.998350,1,1
data\wildfake\Images\Diffusion_based\DALLE\DALLE\Advanced\DALLE3\dalle3\202311011943129901ca391019566e\021108a4d05cd0b11e99b0138260665a.jpg,1,ai,jpeg_q50,0.775987,1,1
data\val\real\000000000139.jpg,0,real,jpeg_q30,0.416411,0,1
data\val\real\000000000285.jpg,0,real,jpeg_q30,0.013287,0,1
data\val\real\000000000632.jpg,0,real,jpeg_q30,0.150690,0,1
data\val\real\000000000724.jpg,0,real,jpeg_q30,0.023928,0,1
data\val\real\000000000776.jpg,0,real,jpeg_q30,0.023657,0,1
data\val\real\000000000785.jpg,0,real,jpeg_q30,0.071358,0,1
data\val\real\000000000802.jpg,0,real,jpeg_q30,0.002240,0,1
data\val\real\000000000872.jpg,0,real,jpeg_q30,0.005137,0,1
data\val\real\000000000885.jpg,0,real,jpeg_q30,0.032384,0,1
data\val\real\000000001000.jpg,0,real,jpeg_q30,0.003763,0,1
data\val\real\000000001268.jpg,0,real,jpeg_q30,0.018342,0,1
data\val\real\000000001296.jpg,0,real,jpeg_q30,0.015117,0,1
data\val\real\000000001353.jpg,0,real,jpeg_q30,0.000790,0,1
data\val\real\000000001425.jpg,0,real,jpeg_q30,0.225057,0,1
data\val\real\000000001490.jpg,0,real,jpeg_q30,0.044131,0,1
data\val\real\000000001503.jpg,0,real,jpeg_q30,0.030348,0,1
data\val\real\000000001532.jpg,0,real,jpeg_q30,0.017081,0,1
data\val\real\000000001584.jpg,0,real,jpeg_q30,0.375120,0,1
data\val\real\000000001675.jpg,0,real,jpeg_q30,0.001381,0,1
data\val\real\000000001761.jpg,0,real,jpeg_q30,0.009871,0,1
data\wildfake\Images\Diffusion_based\DALLE\DALLE\Advanced\DALLE3\dalle3\202311011943129901ca391019566e\0000bc251bd2e98239266f18c7422f00.jpg,1,ai,jpeg_q30,0.999942,1,1
data\wildfake\Images\Diffusion_based\DALLE\DALLE\Advanced\DALLE3\dalle3\202311011943129901ca391019566e\001f5052a8976abf8628979c0a3295fd.jpg,1,ai,jpeg_q30,0.989790,1,1
data\wildfake\Images\Diffusion_based\DALLE\DALLE\Advanced\DALLE3\dalle3\202311011943129901ca391019566e\003a4c6ab6f2b3ab9658a92b5f05945e.jpg,1,ai,jpeg_q30,0.999612,1,1
data\wildfake\Images\Diffusion_based\DALLE\DALLE\Advanced\DALLE3\dalle3\202311011943129901ca391019566e\0043fbaa145d5c0a2a40d46645ed83cb.jpg,1,ai,jpeg_q30,0.992668,1,1
data\wildfake\Images\Diffusion_based\DALLE\DALLE\Advanced\DALLE3\dalle3\202311011943129901ca391019566e\00470ad00ea26cb498a51499f937e52b.jpg,1,ai,jpeg_q30,0.958693,1,1
data\wildfake\Images\Diffusion_based\DALLE\DALLE\Advanced\DALLE3\dalle3\202311011943129901ca391019566e\0052d17a5ef60d0d179717f85046f4b1.jpg,1,ai,jpeg_q30,0.894790,1,1
data\wildfake\Images\Diffusion_based\DALLE\DALLE\Advanced\DALLE3\dalle3\202311011943129901ca391019566e\009bbc62119d37a8fbb83bb9e0dbc508.jpg,1,ai,jpeg_q30,0.994106,1,1
data\wildfake\Images\Diffusion_based\DALLE\DALLE\Advanced\DALLE3\dalle3\202311011943129901ca391019566e\00c573bb9bc5a7eb21bc3be7ae501662.jpg,1,ai,jpeg_q30,0.833211,1,1
data\wildfake\Images\Diffusion_based\DALLE\DALLE\Advanced\DALLE3\dalle3\202311011943129901ca391019566e\00d38429f2b27b0c1704ee2e62d7a990.jpg,1,ai,jpeg_q30,0.870426,1,1
data\wildfake\Images\Diffusion_based\DALLE\DALLE\Advanced\DALLE3\dalle3\202311011943129901ca391019566e\00d73c1e7e3b3890737927fc56ce6e63.jpg,1,ai,jpeg_q30,0.987970,1,1
data\wildfake\Images\Diffusion_based\DALLE\DALLE\Advanced\DALLE3\dalle3\202311011943129901ca391019566e\00fcdf259a2e197eea470d5df3473c65.jpg,1,ai,jpeg_q30,0.992640,1,1
data\wildfake\Images\Diffusion_based\DALLE\DALLE\Advanced\DALLE3\dalle3\202311011943129901ca391019566e\01007fafc81c71ac48435ee0c7d4f2e3.jpg,1,ai,jpeg_q30,0.980886,1,1
data\wildfake\Images\Diffusion_based\DALLE\DALLE\Advanced\DALLE3\dalle3\202311011943129901ca391019566e\010d7366d58b4b5c787bcad069c1730b.jpg,1,ai,jpeg_q30,0.996061,1,1
data\wildfake\Images\Diffusion_based\DALLE\DALLE\Advanced\DALLE3\dalle3\202311011943129901ca391019566e\012bdc65f98678a9d2f300d3828985c2.jpg,1,ai,jpeg_q30,0.954446,1,1
data\wildfake\Images\Diffusion_based\DALLE\DALLE\Advanced\DALLE3\dalle3\202311011943129901ca391019566e\01427a315cdbac9741097790f78aa0fe.jpg,1,ai,jpeg_q30,0.992800,1,1
data\wildfake\Images\Diffusion_based\DALLE\DALLE\Advanced\DALLE3\dalle3\202311011943129901ca391019566e\01686507673b71e4d1fae61f9f3f305b.jpg,1,ai,jpeg_q30,0.990795,1,1
data\wildfake\Images\Diffusion_based\DALLE\DALLE\Advanced\DALLE3\dalle3\202311011943129901ca391019566e\0199b3d7eac3efb5e6a57ec8044c6f87.jpg,1,ai,jpeg_q30,0.996189,1,1
data\wildfake\Images\Diffusion_based\DALLE\DALLE\Advanced\DALLE3\dalle3\202311011943129901ca391019566e\019e486743b8e231bc299da988d9e6c8.jpg,1,ai,jpeg_q30,0.604537,1,1
data\wildfake\Images\Diffusion_based\DALLE\DALLE\Advanced\DALLE3\dalle3\202311011943129901ca391019566e\01ba9ec6bf20f7713b2367189281182e.jpg,1,ai,jpeg_q30,0.998853,1,1
data\wildfake\Images\Diffusion_based\DALLE\DALLE\Advanced\DALLE3\dalle3\202311011943129901ca391019566e\021108a4d05cd0b11e99b0138260665a.jpg,1,ai,jpeg_q30,0.841777,1,1
data\val\real\000000000139.jpg,0,real,blur_s0.5,0.244302,0,1
data\val\real\000000000285.jpg,0,real,blur_s0.5,0.037240,0,1
data\val\real\000000000632.jpg,0,real,blur_s0.5,0.387215,0,1
data\val\real\000000000724.jpg,0,real,blur_s0.5,0.103883,0,1
data\val\real\000000000776.jpg,0,real,blur_s0.5,0.036344,0,1
data\val\real\000000000785.jpg,0,real,blur_s0.5,0.306006,0,1
data\val\real\000000000802.jpg,0,real,blur_s0.5,0.003894,0,1
data\val\real\000000000872.jpg,0,real,blur_s0.5,0.003321,0,1
data\val\real\000000000885.jpg,0,real,blur_s0.5,0.163306,0,1
data\val\real\000000001000.jpg,0,real,blur_s0.5,0.016815,0,1
data\val\real\000000001268.jpg,0,real,blur_s0.5,0.013542,0,1
data\val\real\000000001296.jpg,0,real,blur_s0.5,0.046610,0,1
data\val\real\000000001353.jpg,0,real,blur_s0.5,0.003339,0,1
data\val\real\000000001425.jpg,0,real,blur_s0.5,0.307509,0,1
data\val\real\000000001490.jpg,0,real,blur_s0.5,0.005189,0,1
data\val\real\000000001503.jpg,0,real,blur_s0.5,0.008990,0,1
data\val\real\000000001532.jpg,0,real,blur_s0.5,0.073429,0,1
data\val\real\000000001584.jpg,0,real,blur_s0.5,0.242156,0,1
data\val\real\000000001675.jpg,0,real,blur_s0.5,0.004148,0,1
data\val\real\000000001761.jpg,0,real,blur_s0.5,0.020180,0,1
data\wildfake\Images\Diffusion_based\DALLE\DALLE\Advanced\DALLE3\dalle3\202311011943129901ca391019566e\0000bc251bd2e98239266f18c7422f00.jpg,1,ai,blur_s0.5,0.999958,1,1
data\wildfake\Images\Diffusion_based\DALLE\DALLE\Advanced\DALLE3\dalle3\202311011943129901ca391019566e\001f5052a8976abf8628979c0a3295fd.jpg,1,ai,blur_s0.5,0.997097,1,1
data\wildfake\Images\Diffusion_based\DALLE\DALLE\Advanced\DALLE3\dalle3\202311011943129901ca391019566e\003a4c6ab6f2b3ab9658a92b5f05945e.jpg,1,ai,blur_s0.5,0.999748,1,1
data\wildfake\Images\Diffusion_based\DALLE\DALLE\Advanced\DALLE3\dalle3\202311011943129901ca391019566e\0043fbaa145d5c0a2a40d46645ed83cb.jpg,1,ai,blur_s0.5,0.992474,1,1
data\wildfake\Images\Diffusion_based\DALLE\DALLE\Advanced\DALLE3\dalle3\202311011943129901ca391019566e\00470ad00ea26cb498a51499f937e52b.jpg,1,ai,blur_s0.5,0.967467,1,1
data\wildfake\Images\Diffusion_based\DALLE\DALLE\Advanced\DALLE3\dalle3\202311011943129901ca391019566e\0052d17a5ef60d0d179717f85046f4b1.jpg,1,ai,blur_s0.5,0.852314,1,1
data\wildfake\Images\Diffusion_based\DALLE\DALLE\Advanced\DALLE3\dalle3\202311011943129901ca391019566e\009bbc62119d37a8fbb83bb9e0dbc508.jpg,1,ai,blur_s0.5,0.998447,1,1
data\wildfake\Images\Diffusion_based\DALLE\DALLE\Advanced\DALLE3\dalle3\202311011943129901ca391019566e\00c573bb9bc5a7eb21bc3be7ae501662.jpg,1,ai,blur_s0.5,0.773159,1,1
data\wildfake\Images\Diffusion_based\DALLE\DALLE\Advanced\DALLE3\dalle3\202311011943129901ca391019566e\00d38429f2b27b0c1704ee2e62d7a990.jpg,1,ai,blur_s0.5,0.912291,1,1
data\wildfake\Images\Diffusion_based\DALLE\DALLE\Advanced\DALLE3\dalle3\202311011943129901ca391019566e\00d73c1e7e3b3890737927fc56ce6e63.jpg,1,ai,blur_s0.5,0.992035,1,1
data\wildfake\Images\Diffusion_based\DALLE\DALLE\Advanced\DALLE3\dalle3\202311011943129901ca391019566e\00fcdf259a2e197eea470d5df3473c65.jpg,1,ai,blur_s0.5,0.995710,1,1
data\wildfake\Images\Diffusion_based\DALLE\DALLE\Advanced\DALLE3\dalle3\202311011943129901ca391019566e\01007fafc81c71ac48435ee0c7d4f2e3.jpg,1,ai,blur_s0.5,0.996816,1,1
data\wildfake\Images\Diffusion_based\DALLE\DALLE\Advanced\DALLE3\dalle3\202311011943129901ca391019566e\010d7366d58b4b5c787bcad069c1730b.jpg,1,ai,blur_s0.5,0.998491,1,1
data\wildfake\Images\Diffusion_based\DALLE\DALLE\Advanced\DALLE3\dalle3\202311011943129901ca391019566e\012bdc65f98678a9d2f300d3828985c2.jpg,1,ai,blur_s0.5,0.941604,1,1
data\wildfake\Images\Diffusion_based\DALLE\DALLE\Advanced\DALLE3\dalle3\202311011943129901ca391019566e\01427a315cdbac9741097790f78aa0fe.jpg,1,ai,blur_s0.5,0.998244,1,1
data\wildfake\Images\Diffusion_based\DALLE\DALLE\Advanced\DALLE3\dalle3\202311011943129901ca391019566e\01686507673b71e4d1fae61f9f3f305b.jpg,1,ai,blur_s0.5,0.996251,1,1
data\wildfake\Images\Diffusion_based\DALLE\DALLE\Advanced\DALLE3\dalle3\202311011943129901ca391019566e\0199b3d7eac3efb5e6a57ec8044c6f87.jpg,1,ai,blur_s0.5,0.998306,1,1
data\wildfake\Images\Diffusion_based\DALLE\DALLE\Advanced\DALLE3\dalle3\202311011943129901ca391019566e\019e486743b8e231bc299da988d9e6c8.jpg,1,ai,blur_s0.5,0.702851,1,1
data\wildfake\Images\Diffusion_based\DALLE\DALLE\Advanced\DALLE3\dalle3\202311011943129901ca391019566e\01ba9ec6bf20f7713b2367189281182e.jpg,1,ai,blur_s0.5,0.996831,1,1
data\wildfake\Images\Diffusion_based\DALLE\DALLE\Advanced\DALLE3\dalle3\202311011943129901ca391019566e\021108a4d05cd0b11e99b0138260665a.jpg,1,ai,blur_s0.5,0.877986,1,1
data\val\real\000000000139.jpg,0,real,blur_s1.0,0.269664,0,1
data\val\real\000000000285.jpg,0,real,blur_s1.0,0.032870,0,1
data\val\real\000000000632.jpg,0,real,blur_s1.0,0.407573,0,1
data\val\real\000000000724.jpg,0,real,blur_s1.0,0.076440,0,1
data\val\real\000000000776.jpg,0,real,blur_s1.0,0.011918,0,1
data\val\real\000000000785.jpg,0,real,blur_s1.0,0.199598,0,1
data\val\real\000000000802.jpg,0,real,blur_s1.0,0.002260,0,1
data\val\real\000000000872.jpg,0,real,blur_s1.0,0.003642,0,1
data\val\real\000000000885.jpg,0,real,blur_s1.0,0.104376,0,1
data\val\real\000000001000.jpg,0,real,blur_s1.0,0.016385,0,1
data\val\real\000000001268.jpg,0,real,blur_s1.0,0.018368,0,1
data\val\real\000000001296.jpg,0,real,blur_s1.0,0.035153,0,1
data\val\real\000000001353.jpg,0,real,blur_s1.0,0.002180,0,1
data\val\real\000000001425.jpg,0,real,blur_s1.0,0.277101,0,1
data\val\real\000000001490.jpg,0,real,blur_s1.0,0.002667,0,1
data\val\real\000000001503.jpg,0,real,blur_s1.0,0.008777,0,1
data\val\real\000000001532.jpg,0,real,blur_s1.0,0.068732,0,1
data\val\real\000000001584.jpg,0,real,blur_s1.0,0.165792,0,1
data\val\real\000000001675.jpg,0,real,blur_s1.0,0.003082,0,1
data\val\real\000000001761.jpg,0,real,blur_s1.0,0.012028,0,1
data\wildfake\Images\Diffusion_based\DALLE\DALLE\Advanced\DALLE3\dalle3\202311011943129901ca391019566e\0000bc251bd2e98239266f18c7422f00.jpg,1,ai,blur_s1.0,0.999929,1,1
data\wildfake\Images\Diffusion_based\DALLE\DALLE\Advanced\DALLE3\dalle3\202311011943129901ca391019566e\001f5052a8976abf8628979c0a3295fd.jpg,1,ai,blur_s1.0,0.996585,1,1
data\wildfake\Images\Diffusion_based\DALLE\DALLE\Advanced\DALLE3\dalle3\202311011943129901ca391019566e\003a4c6ab6f2b3ab9658a92b5f05945e.jpg,1,ai,blur_s1.0,0.999691,1,1
data\wildfake\Images\Diffusion_based\DALLE\DALLE\Advanced\DALLE3\dalle3\202311011943129901ca391019566e\0043fbaa145d5c0a2a40d46645ed83cb.jpg,1,ai,blur_s1.0,0.994017,1,1
data\wildfake\Images\Diffusion_based\DALLE\DALLE\Advanced\DALLE3\dalle3\202311011943129901ca391019566e\00470ad00ea26cb498a51499f937e52b.jpg,1,ai,blur_s1.0,0.963768,1,1
data\wildfake\Images\Diffusion_based\DALLE\DALLE\Advanced\DALLE3\dalle3\202311011943129901ca391019566e\0052d17a5ef60d0d179717f85046f4b1.jpg,1,ai,blur_s1.0,0.859606,1,1
data\wildfake\Images\Diffusion_based\DALLE\DALLE\Advanced\DALLE3\dalle3\202311011943129901ca391019566e\009bbc62119d37a8fbb83bb9e0dbc508.jpg,1,ai,blur_s1.0,0.998342,1,1
data\wildfake\Images\Diffusion_based\DALLE\DALLE\Advanced\DALLE3\dalle3\202311011943129901ca391019566e\00c573bb9bc5a7eb21bc3be7ae501662.jpg,1,ai,blur_s1.0,0.781218,1,1
data\wildfake\Images\Diffusion_based\DALLE\DALLE\Advanced\DALLE3\dalle3\202311011943129901ca391019566e\00d38429f2b27b0c1704ee2e62d7a990.jpg,1,ai,blur_s1.0,0.881258,1,1
data\wildfake\Images\Diffusion_based\DALLE\DALLE\Advanced\DALLE3\dalle3\202311011943129901ca391019566e\00d73c1e7e3b3890737927fc56ce6e63.jpg,1,ai,blur_s1.0,0.990148,1,1
data\wildfake\Images\Diffusion_based\DALLE\DALLE\Advanced\DALLE3\dalle3\202311011943129901ca391019566e\00fcdf259a2e197eea470d5df3473c65.jpg,1,ai,blur_s1.0,0.994799,1,1
data\wildfake\Images\Diffusion_based\DALLE\DALLE\Advanced\DALLE3\dalle3\202311011943129901ca391019566e\01007fafc81c71ac48435ee0c7d4f2e3.jpg,1,ai,blur_s1.0,0.996336,1,1
data\wildfake\Images\Diffusion_based\DALLE\DALLE\Advanced\DALLE3\dalle3\202311011943129901ca391019566e\010d7366d58b4b5c787bcad069c1730b.jpg,1,ai,blur_s1.0,0.997633,1,1
data\wildfake\Images\Diffusion_based\DALLE\DALLE\Advanced\DALLE3\dalle3\202311011943129901ca391019566e\012bdc65f98678a9d2f300d3828985c2.jpg,1,ai,blur_s1.0,0.932076,1,1
data\wildfake\Images\Diffusion_based\DALLE\DALLE\Advanced\DALLE3\dalle3\202311011943129901ca391019566e\01427a315cdbac9741097790f78aa0fe.jpg,1,ai,blur_s1.0,0.997978,1,1
data\wildfake\Images\Diffusion_based\DALLE\DALLE\Advanced\DALLE3\dalle3\202311011943129901ca391019566e\01686507673b71e4d1fae61f9f3f305b.jpg,1,ai,blur_s1.0,0.994957,1,1
data\wildfake\Images\Diffusion_based\DALLE\DALLE\Advanced\DALLE3\dalle3\202311011943129901ca391019566e\0199b3d7eac3efb5e6a57ec8044c6f87.jpg,1,ai,blur_s1.0,0.997835,1,1
data\wildfake\Images\Diffusion_based\DALLE\DALLE\Advanced\DALLE3\dalle3\202311011943129901ca391019566e\019e486743b8e231bc299da988d9e6c8.jpg,1,ai,blur_s1.0,0.676986,1,1
data\wildfake\Images\Diffusion_based\DALLE\DALLE\Advanced\DALLE3\dalle3\202311011943129901ca391019566e\01ba9ec6bf20f7713b2367189281182e.jpg,1,ai,blur_s1.0,0.997015,1,1
data\wildfake\Images\Diffusion_based\DALLE\DALLE\Advanced\DALLE3\dalle3\202311011943129901ca391019566e\021108a4d05cd0b11e99b0138260665a.jpg,1,ai,blur_s1.0,0.882558,1,1
data\val\real\000000000139.jpg,0,real,blur_s2.0,0.296270,0,1
data\val\real\000000000285.jpg,0,real,blur_s2.0,0.012975,0,1
data\val\real\000000000632.jpg,0,real,blur_s2.0,0.498859,0,1
data\val\real\000000000724.jpg,0,real,blur_s2.0,0.032510,0,1
data\val\real\000000000776.jpg,0,real,blur_s2.0,0.014157,0,1
data\val\real\000000000785.jpg,0,real,blur_s2.0,0.365410,0,1
data\val\real\000000000802.jpg,0,real,blur_s2.0,0.009111,0,1
data\val\real\000000000872.jpg,0,real,blur_s2.0,0.006664,0,1
data\val\real\000000000885.jpg,0,real,blur_s2.0,0.246625,0,1
data\val\real\000000001000.jpg,0,real,blur_s2.0,0.022509,0,1
data\val\real\000000001268.jpg,0,real,blur_s2.0,0.189225,0,1
data\val\real\000000001296.jpg,0,real,blur_s2.0,0.011644,0,1
data\val\real\000000001353.jpg,0,real,blur_s2.0,0.001577,0,1
data\val\real\000000001425.jpg,0,real,blur_s2.0,0.113299,0,1
data\val\real\000000001490.jpg,0,real,blur_s2.0,0.008044,0,1
data\val\real\000000001503.jpg,0,real,blur_s2.0,0.032748,0,1
data\val\real\000000001532.jpg,0,real,blur_s2.0,0.022679,0,1
data\val\real\000000001584.jpg,0,real,blur_s2.0,0.056048,0,1
data\val\real\000000001675.jpg,0,real,blur_s2.0,0.000522,0,1
data\val\real\000000001761.jpg,0,real,blur_s2.0,0.039608,0,1
data\wildfake\Images\Diffusion_based\DALLE\DALLE\Advanced\DALLE3\dalle3\202311011943129901ca391019566e\0000bc251bd2e98239266f18c7422f00.jpg,1,ai,blur_s2.0,0.999707,1,1
data\wildfake\Images\Diffusion_based\DALLE\DALLE\Advanced\DALLE3\dalle3\202311011943129901ca391019566e\001f5052a8976abf8628979c0a3295fd.jpg,1,ai,blur_s2.0,0.994480,1,1
data\wildfake\Images\Diffusion_based\DALLE\DALLE\Advanced\DALLE3\dalle3\202311011943129901ca391019566e\003a4c6ab6f2b3ab9658a92b5f05945e.jpg,1,ai,blur_s2.0,0.999465,1,1
data\wildfake\Images\Diffusion_based\DALLE\DALLE\Advanced\DALLE3\dalle3\202311011943129901ca391019566e\0043fbaa145d5c0a2a40d46645ed83cb.jpg,1,ai,blur_s2.0,0.987781,1,1
data\wildfake\Images\Diffusion_based\DALLE\DALLE\Advanced\DALLE3\dalle3\202311011943129901ca391019566e\00470ad00ea26cb498a51499f937e52b.jpg,1,ai,blur_s2.0,0.936533,1,1
data\wildfake\Images\Diffusion_based\DALLE\DALLE\Advanced\DALLE3\dalle3\202311011943129901ca391019566e\0052d17a5ef60d0d179717f85046f4b1.jpg,1,ai,blur_s2.0,0.868470,1,1
data\wildfake\Images\Diffusion_based\DALLE\DALLE\Advanced\DALLE3\dalle3\202311011943129901ca391019566e\009bbc62119d37a8fbb83bb9e0dbc508.jpg,1,ai,blur_s2.0,0.998491,1,1
data\wildfake\Images\Diffusion_based\DALLE\DALLE\Advanced\DALLE3\dalle3\202311011943129901ca391019566e\00c573bb9bc5a7eb21bc3be7ae501662.jpg,1,ai,blur_s2.0,0.686168,1,1
data\wildfake\Images\Diffusion_based\DALLE\DALLE\Advanced\DALLE3\dalle3\202311011943129901ca391019566e\00d38429f2b27b0c1704ee2e62d7a990.jpg,1,ai,blur_s2.0,0.723549,1,1
data\wildfake\Images\Diffusion_based\DALLE\DALLE\Advanced\DALLE3\dalle3\202311011943129901ca391019566e\00d73c1e7e3b3890737927fc56ce6e63.jpg,1,ai,blur_s2.0,0.968745,1,1
data\wildfake\Images\Diffusion_based\DALLE\DALLE\Advanced\DALLE3\dalle3\202311011943129901ca391019566e\00fcdf259a2e197eea470d5df3473c65.jpg,1,ai,blur_s2.0,0.992619,1,1
data\wildfake\Images\Diffusion_based\DALLE\DALLE\Advanced\DALLE3\dalle3\202311011943129901ca391019566e\01007fafc81c71ac48435ee0c7d4f2e3.jpg,1,ai,blur_s2.0,0.992439,1,1
data\wildfake\Images\Diffusion_based\DALLE\DALLE\Advanced\DALLE3\dalle3\202311011943129901ca391019566e\010d7366d58b4b5c787bcad069c1730b.jpg,1,ai,blur_s2.0,0.994416,1,1
data\wildfake\Images\Diffusion_based\DALLE\DALLE\Advanced\DALLE3\dalle3\202311011943129901ca391019566e\012bdc65f98678a9d2f300d3828985c2.jpg,1,ai,blur_s2.0,0.896398,1,1
data\wildfake\Images\Diffusion_based\DALLE\DALLE\Advanced\DALLE3\dalle3\202311011943129901ca391019566e\01427a315cdbac9741097790f78aa0fe.jpg,1,ai,blur_s2.0,0.996328,1,1
data\wildfake\Images\Diffusion_based\DALLE\DALLE\Advanced\DALLE3\dalle3\202311011943129901ca391019566e\01686507673b71e4d1fae61f9f3f305b.jpg,1,ai,blur_s2.0,0.989501,1,1
data\wildfake\Images\Diffusion_based\DALLE\DALLE\Advanced\DALLE3\dalle3\202311011943129901ca391019566e\0199b3d7eac3efb5e6a57ec8044c6f87.jpg,1,ai,blur_s2.0,0.996773,1,1
data\wildfake\Images\Diffusion_based\DALLE\DALLE\Advanced\DALLE3\dalle3\202311011943129901ca391019566e\019e486743b8e231bc299da988d9e6c8.jpg,1,ai,blur_s2.0,0.484531,0,0
data\wildfake\Images\Diffusion_based\DALLE\DALLE\Advanced\DALLE3\dalle3\202311011943129901ca391019566e\01ba9ec6bf20f7713b2367189281182e.jpg,1,ai,blur_s2.0,0.996733,1,1
data\wildfake\Images\Diffusion_based\DALLE\DALLE\Advanced\DALLE3\dalle3\202311011943129901ca391019566e\021108a4d05cd0b11e99b0138260665a.jpg,1,ai,blur_s2.0,0.875197,1,1
data\val\real\000000000139.jpg,0,real,resize_0.5x,0.318745,0,1
data\val\real\000000000285.jpg,0,real,resize_0.5x,0.030157,0,1
data\val\real\000000000632.jpg,0,real,resize_0.5x,0.097759,0,1
data\val\real\000000000724.jpg,0,real,resize_0.5x,0.076133,0,1
data\val\real\000000000776.jpg,0,real,resize_0.5x,0.036736,0,1
data\val\real\000000000785.jpg,0,real,resize_0.5x,0.334327,0,1
data\val\real\000000000802.jpg,0,real,resize_0.5x,0.003885,0,1
data\val\real\000000000872.jpg,0,real,resize_0.5x,0.004989,0,1
data\val\real\000000000885.jpg,0,real,resize_0.5x,0.208996,0,1
data\val\real\000000001000.jpg,0,real,resize_0.5x,0.018739,0,1
data\val\real\000000001268.jpg,0,real,resize_0.5x,0.017275,0,1
data\val\real\000000001296.jpg,0,real,resize_0.5x,0.070356,0,1
data\val\real\000000001353.jpg,0,real,resize_0.5x,0.003813,0,1
data\val\real\000000001425.jpg,0,real,resize_0.5x,0.399547,0,1
data\val\real\000000001490.jpg,0,real,resize_0.5x,0.006970,0,1
data\val\real\000000001503.jpg,0,real,resize_0.5x,0.005139,0,1
data\val\real\000000001532.jpg,0,real,resize_0.5x,0.084731,0,1
data\val\real\000000001584.jpg,0,real,resize_0.5x,0.216468,0,1
data\val\real\000000001675.jpg,0,real,resize_0.5x,0.003794,0,1
data\val\real\000000001761.jpg,0,real,resize_0.5x,0.021189,0,1
data\wildfake\Images\Diffusion_based\DALLE\DALLE\Advanced\DALLE3\dalle3\202311011943129901ca391019566e\0000bc251bd2e98239266f18c7422f00.jpg,1,ai,resize_0.5x,0.999954,1,1
data\wildfake\Images\Diffusion_based\DALLE\DALLE\Advanced\DALLE3\dalle3\202311011943129901ca391019566e\001f5052a8976abf8628979c0a3295fd.jpg,1,ai,resize_0.5x,0.997251,1,1
data\wildfake\Images\Diffusion_based\DALLE\DALLE\Advanced\DALLE3\dalle3\202311011943129901ca391019566e\003a4c6ab6f2b3ab9658a92b5f05945e.jpg,1,ai,resize_0.5x,0.999753,1,1
data\wildfake\Images\Diffusion_based\DALLE\DALLE\Advanced\DALLE3\dalle3\202311011943129901ca391019566e\0043fbaa145d5c0a2a40d46645ed83cb.jpg,1,ai,resize_0.5x,0.994367,1,1
data\wildfake\Images\Diffusion_based\DALLE\DALLE\Advanced\DALLE3\dalle3\202311011943129901ca391019566e\00470ad00ea26cb498a51499f937e52b.jpg,1,ai,resize_0.5x,0.965990,1,1
data\wildfake\Images\Diffusion_based\DALLE\DALLE\Advanced\DALLE3\dalle3\202311011943129901ca391019566e\0052d17a5ef60d0d179717f85046f4b1.jpg,1,ai,resize_0.5x,0.862090,1,1
data\wildfake\Images\Diffusion_based\DALLE\DALLE\Advanced\DALLE3\dalle3\202311011943129901ca391019566e\009bbc62119d37a8fbb83bb9e0dbc508.jpg,1,ai,resize_0.5x,0.998439,1,1
data\wildfake\Images\Diffusion_based\DALLE\DALLE\Advanced\DALLE3\dalle3\202311011943129901ca391019566e\00c573bb9bc5a7eb21bc3be7ae501662.jpg,1,ai,resize_0.5x,0.779437,1,1
data\wildfake\Images\Diffusion_based\DALLE\DALLE\Advanced\DALLE3\dalle3\202311011943129901ca391019566e\00d38429f2b27b0c1704ee2e62d7a990.jpg,1,ai,resize_0.5x,0.898830,1,1
data\wildfake\Images\Diffusion_based\DALLE\DALLE\Advanced\DALLE3\dalle3\202311011943129901ca391019566e\00d73c1e7e3b3890737927fc56ce6e63.jpg,1,ai,resize_0.5x,0.991029,1,1
data\wildfake\Images\Diffusion_based\DALLE\DALLE\Advanced\DALLE3\dalle3\202311011943129901ca391019566e\00fcdf259a2e197eea470d5df3473c65.jpg,1,ai,resize_0.5x,0.996693,1,1
data\wildfake\Images\Diffusion_based\DALLE\DALLE\Advanced\DALLE3\dalle3\202311011943129901ca391019566e\01007fafc81c71ac48435ee0c7d4f2e3.jpg,1,ai,resize_0.5x,0.997221,1,1
data\wildfake\Images\Diffusion_based\DALLE\DALLE\Advanced\DALLE3\dalle3\202311011943129901ca391019566e\010d7366d58b4b5c787bcad069c1730b.jpg,1,ai,resize_0.5x,0.998456,1,1
data\wildfake\Images\Diffusion_based\DALLE\DALLE\Advanced\DALLE3\dalle3\202311011943129901ca391019566e\012bdc65f98678a9d2f300d3828985c2.jpg,1,ai,resize_0.5x,0.935315,1,1
data\wildfake\Images\Diffusion_based\DALLE\DALLE\Advanced\DALLE3\dalle3\202311011943129901ca391019566e\01427a315cdbac9741097790f78aa0fe.jpg,1,ai,resize_0.5x,0.998522,1,1
data\wildfake\Images\Diffusion_based\DALLE\DALLE\Advanced\DALLE3\dalle3\202311011943129901ca391019566e\01686507673b71e4d1fae61f9f3f305b.jpg,1,ai,resize_0.5x,0.995940,1,1
data\wildfake\Images\Diffusion_based\DALLE\DALLE\Advanced\DALLE3\dalle3\202311011943129901ca391019566e\0199b3d7eac3efb5e6a57ec8044c6f87.jpg,1,ai,resize_0.5x,0.997785,1,1
data\wildfake\Images\Diffusion_based\DALLE\DALLE\Advanced\DALLE3\dalle3\202311011943129901ca391019566e\019e486743b8e231bc299da988d9e6c8.jpg,1,ai,resize_0.5x,0.739446,1,1
data\wildfake\Images\Diffusion_based\DALLE\DALLE\Advanced\DALLE3\dalle3\202311011943129901ca391019566e\01ba9ec6bf20f7713b2367189281182e.jpg,1,ai,resize_0.5x,0.996865,1,1
data\wildfake\Images\Diffusion_based\DALLE\DALLE\Advanced\DALLE3\dalle3\202311011943129901ca391019566e\021108a4d05cd0b11e99b0138260665a.jpg,1,ai,resize_0.5x,0.889344,1,1
data\val\real\000000000139.jpg,0,real,resize_0.25x,0.413083,0,1
data\val\real\000000000285.jpg,0,real,resize_0.25x,0.012612,0,1
data\val\real\000000000632.jpg,0,real,resize_0.25x,0.152261,0,1
data\val\real\000000000724.jpg,0,real,resize_0.25x,0.010518,0,1
data\val\real\000000000776.jpg,0,real,resize_0.25x,0.043813,0,1
data\val\real\000000000785.jpg,0,real,resize_0.25x,0.096286,0,1
data\val\real\000000000802.jpg,0,real,resize_0.25x,0.004852,0,1
data\val\real\000000000872.jpg,0,real,resize_0.25x,0.012354,0,1
data\val\real\000000000885.jpg,0,real,resize_0.25x,0.125121,0,1
data\val\real\000000001000.jpg,0,real,resize_0.25x,0.011240,0,1
data\val\real\000000001268.jpg,0,real,resize_0.25x,0.065979,0,1
data\val\real\000000001296.jpg,0,real,resize_0.25x,0.007925,0,1
data\val\real\000000001353.jpg,0,real,resize_0.25x,0.001740,0,1
data\val\real\000000001425.jpg,0,real,resize_0.25x,0.117212,0,1
data\val\real\000000001490.jpg,0,real,resize_0.25x,0.008449,0,1
data\val\real\000000001503.jpg,0,real,resize_0.25x,0.006302,0,1
data\val\real\000000001532.jpg,0,real,resize_0.25x,0.039536,0,1
data\val\real\000000001584.jpg,0,real,resize_0.25x,0.080401,0,1
data\val\real\000000001675.jpg,0,real,resize_0.25x,0.001428,0,1
data\val\real\000000001761.jpg,0,real,resize_0.25x,0.023883,0,1
data\wildfake\Images\Diffusion_based\DALLE\DALLE\Advanced\DALLE3\dalle3\202311011943129901ca391019566e\0000bc251bd2e98239266f18c7422f00.jpg,1,ai,resize_0.25x,0.999842,1,1
data\wildfake\Images\Diffusion_based\DALLE\DALLE\Advanced\DALLE3\dalle3\202311011943129901ca391019566e\001f5052a8976abf8628979c0a3295fd.jpg,1,ai,resize_0.25x,0.996852,1,1
data\wildfake\Images\Diffusion_based\DALLE\DALLE\Advanced\DALLE3\dalle3\202311011943129901ca391019566e\003a4c6ab6f2b3ab9658a92b5f05945e.jpg,1,ai,resize_0.25x,0.999627,1,1
data\wildfake\Images\Diffusion_based\DALLE\DALLE\Advanced\DALLE3\dalle3\202311011943129901ca391019566e\0043fbaa145d5c0a2a40d46645ed83cb.jpg,1,ai,resize_0.25x,0.990362,1,1
data\wildfake\Images\Diffusion_based\DALLE\DALLE\Advanced\DALLE3\dalle3\202311011943129901ca391019566e\00470ad00ea26cb498a51499f937e52b.jpg,1,ai,resize_0.25x,0.955468,1,1
data\wildfake\Images\Diffusion_based\DALLE\DALLE\Advanced\DALLE3\dalle3\202311011943129901ca391019566e\0052d17a5ef60d0d179717f85046f4b1.jpg,1,ai,resize_0.25x,0.870052,1,1
data\wildfake\Images\Diffusion_based\DALLE\DALLE\Advanced\DALLE3\dalle3\202311011943129901ca391019566e\009bbc62119d37a8fbb83bb9e0dbc508.jpg,1,ai,resize_0.25x,0.998004,1,1
data\wildfake\Images\Diffusion_based\DALLE\DALLE\Advanced\DALLE3\dalle3\202311011943129901ca391019566e\00c573bb9bc5a7eb21bc3be7ae501662.jpg,1,ai,resize_0.25x,0.632383,1,1
data\wildfake\Images\Diffusion_based\DALLE\DALLE\Advanced\DALLE3\dalle3\202311011943129901ca391019566e\00d38429f2b27b0c1704ee2e62d7a990.jpg,1,ai,resize_0.25x,0.738541,1,1
data\wildfake\Images\Diffusion_based\DALLE\DALLE\Advanced\DALLE3\dalle3\202311011943129901ca391019566e\00d73c1e7e3b3890737927fc56ce6e63.jpg,1,ai,resize_0.25x,0.970666,1,1
data\wildfake\Images\Diffusion_based\DALLE\DALLE\Advanced\DALLE3\dalle3\202311011943129901ca391019566e\00fcdf259a2e197eea470d5df3473c65.jpg,1,ai,resize_0.25x,0.996396,1,1
data\wildfake\Images\Diffusion_based\DALLE\DALLE\Advanced\DALLE3\dalle3\202311011943129901ca391019566e\01007fafc81c71ac48435ee0c7d4f2e3.jpg,1,ai,resize_0.25x,0.996451,1,1
data\wildfake\Images\Diffusion_based\DALLE\DALLE\Advanced\DALLE3\dalle3\202311011943129901ca391019566e\010d7366d58b4b5c787bcad069c1730b.jpg,1,ai,resize_0.25x,0.995317,1,1
data\wildfake\Images\Diffusion_based\DALLE\DALLE\Advanced\DALLE3\dalle3\202311011943129901ca391019566e\012bdc65f98678a9d2f300d3828985c2.jpg,1,ai,resize_0.25x,0.908354,1,1
data\wildfake\Images\Diffusion_based\DALLE\DALLE\Advanced\DALLE3\dalle3\202311011943129901ca391019566e\01427a315cdbac9741097790f78aa0fe.jpg,1,ai,resize_0.25x,0.998226,1,1
data\wildfake\Images\Diffusion_based\DALLE\DALLE\Advanced\DALLE3\dalle3\202311011943129901ca391019566e\01686507673b71e4d1fae61f9f3f305b.jpg,1,ai,resize_0.25x,0.993110,1,1
data\wildfake\Images\Diffusion_based\DALLE\DALLE\Advanced\DALLE3\dalle3\202311011943129901ca391019566e\0199b3d7eac3efb5e6a57ec8044c6f87.jpg,1,ai,resize_0.25x,0.997143,1,1
data\wildfake\Images\Diffusion_based\DALLE\DALLE\Advanced\DALLE3\dalle3\202311011943129901ca391019566e\019e486743b8e231bc299da988d9e6c8.jpg,1,ai,resize_0.25x,0.558904,1,1
data\wildfake\Images\Diffusion_based\DALLE\DALLE\Advanced\DALLE3\dalle3\202311011943129901ca391019566e\01ba9ec6bf20f7713b2367189281182e.jpg,1,ai,resize_0.25x,0.995241,1,1
data\wildfake\Images\Diffusion_based\DALLE\DALLE\Advanced\DALLE3\dalle3\202311011943129901ca391019566e\021108a4d05cd0b11e99b0138260665a.jpg,1,ai,resize_0.25x,0.889610,1,1
data\val\real\000000000139.jpg,0,real,noise_s0.02,0.075323,0,1
data\val\real\000000000285.jpg,0,real,noise_s0.02,0.030540,0,1
data\val\real\000000000632.jpg,0,real,noise_s0.02,0.594005,1,0
data\val\real\000000000724.jpg,0,real,noise_s0.02,0.081569,0,1
data\val\real\000000000776.jpg,0,real,noise_s0.02,0.036093,0,1
data\val\real\000000000785.jpg,0,real,noise_s0.02,0.020198,0,1
data\val\real\000000000802.jpg,0,real,noise_s0.02,0.004748,0,1
data\val\real\000000000872.jpg,0,real,noise_s0.02,0.001624,0,1
data\val\real\000000000885.jpg,0,real,noise_s0.02,0.042952,0,1
data\val\real\000000001000.jpg,0,real,noise_s0.02,0.011217,0,1
data\val\real\000000001268.jpg,0,real,noise_s0.02,0.024229,0,1
data\val\real\000000001296.jpg,0,real,noise_s0.02,0.017026,0,1
data\val\real\000000001353.jpg,0,real,noise_s0.02,0.001872,0,1
data\val\real\000000001425.jpg,0,real,noise_s0.02,0.056748,0,1
data\val\real\000000001490.jpg,0,real,noise_s0.02,0.019689,0,1
data\val\real\000000001503.jpg,0,real,noise_s0.02,0.010484,0,1
data\val\real\000000001532.jpg,0,real,noise_s0.02,0.041226,0,1
data\val\real\000000001584.jpg,0,real,noise_s0.02,0.153175,0,1
data\val\real\000000001675.jpg,0,real,noise_s0.02,0.002960,0,1
data\val\real\000000001761.jpg,0,real,noise_s0.02,0.003046,0,1
data\wildfake\Images\Diffusion_based\DALLE\DALLE\Advanced\DALLE3\dalle3\202311011943129901ca391019566e\0000bc251bd2e98239266f18c7422f00.jpg,1,ai,noise_s0.02,0.999967,1,1
data\wildfake\Images\Diffusion_based\DALLE\DALLE\Advanced\DALLE3\dalle3\202311011943129901ca391019566e\001f5052a8976abf8628979c0a3295fd.jpg,1,ai,noise_s0.02,0.987755,1,1
data\wildfake\Images\Diffusion_based\DALLE\DALLE\Advanced\DALLE3\dalle3\202311011943129901ca391019566e\003a4c6ab6f2b3ab9658a92b5f05945e.jpg,1,ai,noise_s0.02,0.999378,1,1
data\wildfake\Images\Diffusion_based\DALLE\DALLE\Advanced\DALLE3\dalle3\202311011943129901ca391019566e\0043fbaa145d5c0a2a40d46645ed83cb.jpg,1,ai,noise_s0.02,0.980641,1,1
data\wildfake\Images\Diffusion_based\DALLE\DALLE\Advanced\DALLE3\dalle3\202311011943129901ca391019566e\00470ad00ea26cb498a51499f937e52b.jpg,1,ai,noise_s0.02,0.900301,1,1
data\wildfake\Images\Diffusion_based\DALLE\DALLE\Advanced\DALLE3\dalle3\202311011943129901ca391019566e\0052d17a5ef60d0d179717f85046f4b1.jpg,1,ai,noise_s0.02,0.762627,1,1
data\wildfake\Images\Diffusion_based\DALLE\DALLE\Advanced\DALLE3\dalle3\202311011943129901ca391019566e\009bbc62119d37a8fbb83bb9e0dbc508.jpg,1,ai,noise_s0.02,0.993582,1,1
data\wildfake\Images\Diffusion_based\DALLE\DALLE\Advanced\DALLE3\dalle3\202311011943129901ca391019566e\00c573bb9bc5a7eb21bc3be7ae501662.jpg,1,ai,noise_s0.02,0.335814,0,0
data\wildfake\Images\Diffusion_based\DALLE\DALLE\Advanced\DALLE3\dalle3\202311011943129901ca391019566e\00d38429f2b27b0c1704ee2e62d7a990.jpg,1,ai,noise_s0.02,0.836176,1,1
data\wildfake\Images\Diffusion_based\DALLE\DALLE\Advanced\DALLE3\dalle3\202311011943129901ca391019566e\00d73c1e7e3b3890737927fc56ce6e63.jpg,1,ai,noise_s0.02,0.948884,1,1
data\wildfake\Images\Diffusion_based\DALLE\DALLE\Advanced\DALLE3\dalle3\202311011943129901ca391019566e\00fcdf259a2e197eea470d5df3473c65.jpg,1,ai,noise_s0.02,0.976049,1,1
data\wildfake\Images\Diffusion_based\DALLE\DALLE\Advanced\DALLE3\dalle3\202311011943129901ca391019566e\01007fafc81c71ac48435ee0c7d4f2e3.jpg,1,ai,noise_s0.02,0.986697,1,1
data\wildfake\Images\Diffusion_based\DALLE\DALLE\Advanced\DALLE3\dalle3\202311011943129901ca391019566e\010d7366d58b4b5c787bcad069c1730b.jpg,1,ai,noise_s0.02,0.994839,1,1
data\wildfake\Images\Diffusion_based\DALLE\DALLE\Advanced\DALLE3\dalle3\202311011943129901ca391019566e\012bdc65f98678a9d2f300d3828985c2.jpg,1,ai,noise_s0.02,0.951726,1,1
data\wildfake\Images\Diffusion_based\DALLE\DALLE\Advanced\DALLE3\dalle3\202311011943129901ca391019566e\01427a315cdbac9741097790f78aa0fe.jpg,1,ai,noise_s0.02,0.991801,1,1
data\wildfake\Images\Diffusion_based\DALLE\DALLE\Advanced\DALLE3\dalle3\202311011943129901ca391019566e\01686507673b71e4d1fae61f9f3f305b.jpg,1,ai,noise_s0.02,0.990203,1,1
data\wildfake\Images\Diffusion_based\DALLE\DALLE\Advanced\DALLE3\dalle3\202311011943129901ca391019566e\0199b3d7eac3efb5e6a57ec8044c6f87.jpg,1,ai,noise_s0.02,0.997085,1,1
data\wildfake\Images\Diffusion_based\DALLE\DALLE\Advanced\DALLE3\dalle3\202311011943129901ca391019566e\019e486743b8e231bc299da988d9e6c8.jpg,1,ai,noise_s0.02,0.772997,1,1
data\wildfake\Images\Diffusion_based\DALLE\DALLE\Advanced\DALLE3\dalle3\202311011943129901ca391019566e\01ba9ec6bf20f7713b2367189281182e.jpg,1,ai,noise_s0.02,0.986440,1,1
data\wildfake\Images\Diffusion_based\DALLE\DALLE\Advanced\DALLE3\dalle3\202311011943129901ca391019566e\021108a4d05cd0b11e99b0138260665a.jpg,1,ai,noise_s0.02,0.709692,1,1
data\val\real\000000000139.jpg,0,real,noise_s0.05,0.024976,0,1
data\val\real\000000000285.jpg,0,real,noise_s0.05,0.045026,0,1
data\val\real\000000000632.jpg,0,real,noise_s0.05,0.511942,1,0
data\val\real\000000000724.jpg,0,real,noise_s0.05,0.138644,0,1
data\val\real\000000000776.jpg,0,real,noise_s0.05,0.019344,0,1
data\val\real\000000000785.jpg,0,real,noise_s0.05,0.006559,0,1
data\val\real\000000000802.jpg,0,real,noise_s0.05,0.011485,0,1
data\val\real\000000000872.jpg,0,real,noise_s0.05,0.017356,0,1
data\val\real\000000000885.jpg,0,real,noise_s0.05,0.018798,0,1
data\val\real\000000001000.jpg,0,real,noise_s0.05,0.009439,0,1
data\val\real\000000001268.jpg,0,real,noise_s0.05,0.020302,0,1
data\val\real\000000001296.jpg,0,real,noise_s0.05,0.009837,0,1
data\val\real\000000001353.jpg,0,real,noise_s0.05,0.000934,0,1
data\val\real\000000001425.jpg,0,real,noise_s0.05,0.040709,0,1
data\val\real\000000001490.jpg,0,real,noise_s0.05,0.021163,0,1
data\val\real\000000001503.jpg,0,real,noise_s0.05,0.007884,0,1
data\val\real\000000001532.jpg,0,real,noise_s0.05,0.038709,0,1
data\val\real\000000001584.jpg,0,real,noise_s0.05,0.114853,0,1
data\val\real\000000001675.jpg,0,real,noise_s0.05,0.002796,0,1
data\val\real\000000001761.jpg,0,real,noise_s0.05,0.004402,0,1
data\wildfake\Images\Diffusion_based\DALLE\DALLE\Advanced\DALLE3\dalle3\202311011943129901ca391019566e\0000bc251bd2e98239266f18c7422f00.jpg,1,ai,noise_s0.05,0.999973,1,1
data\wildfake\Images\Diffusion_based\DALLE\DALLE\Advanced\DALLE3\dalle3\202311011943129901ca391019566e\001f5052a8976abf8628979c0a3295fd.jpg,1,ai,noise_s0.05,0.978568,1,1
data\wildfake\Images\Diffusion_based\DALLE\DALLE\Advanced\DALLE3\dalle3\202311011943129901ca391019566e\003a4c6ab6f2b3ab9658a92b5f05945e.jpg,1,ai,noise_s0.05,0.999363,1,1
data\wildfake\Images\Diffusion_based\DALLE\DALLE\Advanced\DALLE3\dalle3\202311011943129901ca391019566e\0043fbaa145d5c0a2a40d46645ed83cb.jpg,1,ai,noise_s0.05,0.923611,1,1
data\wildfake\Images\Diffusion_based\DALLE\DALLE\Advanced\DALLE3\dalle3\202311011943129901ca391019566e\00470ad00ea26cb498a51499f937e52b.jpg,1,ai,noise_s0.05,0.766832,1,1
data\wildfake\Images\Diffusion_based\DALLE\DALLE\Advanced\DALLE3\dalle3\202311011943129901ca391019566e\0052d17a5ef60d0d179717f85046f4b1.jpg,1,ai,noise_s0.05,0.641529,1,1
data\wildfake\Images\Diffusion_based\DALLE\DALLE\Advanced\DALLE3\dalle3\202311011943129901ca391019566e\009bbc62119d37a8fbb83bb9e0dbc508.jpg,1,ai,noise_s0.05,0.992307,1,1
data\wildfake\Images\Diffusion_based\DALLE\DALLE\Advanced\DALLE3\dalle3\202311011943129901ca391019566e\00c573bb9bc5a7eb21bc3be7ae501662.jpg,1,ai,noise_s0.05,0.270561,0,0
data\wildfake\Images\Diffusion_based\DALLE\DALLE\Advanced\DALLE3\dalle3\202311011943129901ca391019566e\00d38429f2b27b0c1704ee2e62d7a990.jpg,1,ai,noise_s0.05,0.534002,1,1
data\wildfake\Images\Diffusion_based\DALLE\DALLE\Advanced\DALLE3\dalle3\202311011943129901ca391019566e\00d73c1e7e3b3890737927fc56ce6e63.jpg,1,ai,noise_s0.05,0.928812,1,1
data\wildfake\Images\Diffusion_based\DALLE\DALLE\Advanced\DALLE3\dalle3\202311011943129901ca391019566e\00fcdf259a2e197eea470d5df3473c65.jpg,1,ai,noise_s0.05,0.970545,1,1
data\wildfake\Images\Diffusion_based\DALLE\DALLE\Advanced\DALLE3\dalle3\202311011943129901ca391019566e\01007fafc81c71ac48435ee0c7d4f2e3.jpg,1,ai,noise_s0.05,0.980045,1,1
data\wildfake\Images\Diffusion_based\DALLE\DALLE\Advanced\DALLE3\dalle3\202311011943129901ca391019566e\010d7366d58b4b5c787bcad069c1730b.jpg,1,ai,noise_s0.05,0.992577,1,1
data\wildfake\Images\Diffusion_based\DALLE\DALLE\Advanced\DALLE3\dalle3\202311011943129901ca391019566e\012bdc65f98678a9d2f300d3828985c2.jpg,1,ai,noise_s0.05,0.860865,1,1
data\wildfake\Images\Diffusion_based\DALLE\DALLE\Advanced\DALLE3\dalle3\202311011943129901ca391019566e\01427a315cdbac9741097790f78aa0fe.jpg,1,ai,noise_s0.05,0.970166,1,1
data\wildfake\Images\Diffusion_based\DALLE\DALLE\Advanced\DALLE3\dalle3\202311011943129901ca391019566e\01686507673b71e4d1fae61f9f3f305b.jpg,1,ai,noise_s0.05,0.978337,1,1
data\wildfake\Images\Diffusion_based\DALLE\DALLE\Advanced\DALLE3\dalle3\202311011943129901ca391019566e\0199b3d7eac3efb5e6a57ec8044c6f87.jpg,1,ai,noise_s0.05,0.990736,1,1
data\wildfake\Images\Diffusion_based\DALLE\DALLE\Advanced\DALLE3\dalle3\202311011943129901ca391019566e\019e486743b8e231bc299da988d9e6c8.jpg,1,ai,noise_s0.05,0.643976,1,1
data\wildfake\Images\Diffusion_based\DALLE\DALLE\Advanced\DALLE3\dalle3\202311011943129901ca391019566e\01ba9ec6bf20f7713b2367189281182e.jpg,1,ai,noise_s0.05,0.987380,1,1
data\wildfake\Images\Diffusion_based\DALLE\DALLE\Advanced\DALLE3\dalle3\202311011943129901ca391019566e\021108a4d05cd0b11e99b0138260665a.jpg,1,ai,noise_s0.05,0.615881,1,1
data\val\real\000000000139.jpg,0,real,noise_s0.1,0.018101,0,1
data\val\real\000000000285.jpg,0,real,noise_s0.1,0.012480,0,1
data\val\real\000000000632.jpg,0,real,noise_s0.1,0.254211,0,1
data\val\real\000000000724.jpg,0,real,noise_s0.1,0.159332,0,1
data\val\real\000000000776.jpg,0,real,noise_s0.1,0.007773,0,1
data\val\real\000000000785.jpg,0,real,noise_s0.1,0.004351,0,1
data\val\real\000000000802.jpg,0,real,noise_s0.1,0.018689,0,1
data\val\real\000000000872.jpg,0,real,noise_s0.1,0.066028,0,1
data\val\real\000000000885.jpg,0,real,noise_s0.1,0.048059,0,1
data\val\real\000000001000.jpg,0,real,noise_s0.1,0.005371,0,1
data\val\real\000000001268.jpg,0,real,noise_s0.1,0.006720,0,1
data\val\real\000000001296.jpg,0,real,noise_s0.1,0.006296,0,1
data\val\real\000000001353.jpg,0,real,noise_s0.1,0.000779,0,1
data\val\real\000000001425.jpg,0,real,noise_s0.1,0.012393,0,1
data\val\real\000000001490.jpg,0,real,noise_s0.1,0.018442,0,1
data\val\real\000000001503.jpg,0,real,noise_s0.1,0.012837,0,1
data\val\real\000000001532.jpg,0,real,noise_s0.1,0.032153,0,1
data\val\real\000000001584.jpg,0,real,noise_s0.1,0.106226,0,1
data\val\real\000000001675.jpg,0,real,noise_s0.1,0.001657,0,1
data\val\real\000000001761.jpg,0,real,noise_s0.1,0.003709,0,1
data\wildfake\Images\Diffusion_based\DALLE\DALLE\Advanced\DALLE3\dalle3\202311011943129901ca391019566e\0000bc251bd2e98239266f18c7422f00.jpg,1,ai,noise_s0.1,0.999822,1,1
data\wildfake\Images\Diffusion_based\DALLE\DALLE\Advanced\DALLE3\dalle3\202311011943129901ca391019566e\001f5052a8976abf8628979c0a3295fd.jpg,1,ai,noise_s0.1,0.948270,1,1
data\wildfake\Images\Diffusion_based\DALLE\DALLE\Advanced\DALLE3\dalle3\202311011943129901ca391019566e\003a4c6ab6f2b3ab9658a92b5f05945e.jpg,1,ai,noise_s0.1,0.998739,1,1
data\wildfake\Images\Diffusion_based\DALLE\DALLE\Advanced\DALLE3\dalle3\202311011943129901ca391019566e\0043fbaa145d5c0a2a40d46645ed83cb.jpg,1,ai,noise_s0.1,0.944915,1,1
data\wildfake\Images\Diffusion_based\DALLE\DALLE\Advanced\DALLE3\dalle3\202311011943129901ca391019566e\00470ad00ea26cb498a51499f937e52b.jpg,1,ai,noise_s0.1,0.741937,1,1
data\wildfake\Images\Diffusion_based\DALLE\DALLE\Advanced\DALLE3\dalle3\202311011943129901ca391019566e\0052d17a5ef60d0d179717f85046f4b1.jpg,1,ai,noise_s0.1,0.517693,1,1
data\wildfake\Images\Diffusion_based\DALLE\DALLE\Advanced\DALLE3\dalle3\202311011943129901ca391019566e\009bbc62119d37a8fbb83bb9e0dbc508.jpg,1,ai,noise_s0.1,0.984094,1,1
data\wildfake\Images\Diffusion_based\DALLE\DALLE\Advanced\DALLE3\dalle3\202311011943129901ca391019566e\00c573bb9bc5a7eb21bc3be7ae501662.jpg,1,ai,noise_s0.1,0.311064,0,0
data\wildfake\Images\Diffusion_based\DALLE\DALLE\Advanced\DALLE3\dalle3\202311011943129901ca391019566e\00d38429f2b27b0c1704ee2e62d7a990.jpg,1,ai,noise_s0.1,0.474756,0,0
data\wildfake\Images\Diffusion_based\DALLE\DALLE\Advanced\DALLE3\dalle3\202311011943129901ca391019566e\00d73c1e7e3b3890737927fc56ce6e63.jpg,1,ai,noise_s0.1,0.921316,1,1
data\wildfake\Images\Diffusion_based\DALLE\DALLE\Advanced\DALLE3\dalle3\202311011943129901ca391019566e\00fcdf259a2e197eea470d5df3473c65.jpg,1,ai,noise_s0.1,0.972902,1,1
data\wildfake\Images\Diffusion_based\DALLE\DALLE\Advanced\DALLE3\dalle3\202311011943129901ca391019566e\01007fafc81c71ac48435ee0c7d4f2e3.jpg,1,ai,noise_s0.1,0.980494,1,1
data\wildfake\Images\Diffusion_based\DALLE\DALLE\Advanced\DALLE3\dalle3\202311011943129901ca391019566e\010d7366d58b4b5c787bcad069c1730b.jpg,1,ai,noise_s0.1,0.993042,1,1
data\wildfake\Images\Diffusion_based\DALLE\DALLE\Advanced\DALLE3\dalle3\202311011943129901ca391019566e\012bdc65f98678a9d2f300d3828985c2.jpg,1,ai,noise_s0.1,0.874632,1,1
data\wildfake\Images\Diffusion_based\DALLE\DALLE\Advanced\DALLE3\dalle3\202311011943129901ca391019566e\01427a315cdbac9741097790f78aa0fe.jpg,1,ai,noise_s0.1,0.975471,1,1
data\wildfake\Images\Diffusion_based\DALLE\DALLE\Advanced\DALLE3\dalle3\202311011943129901ca391019566e\01686507673b71e4d1fae61f9f3f305b.jpg,1,ai,noise_s0.1,0.977214,1,1
data\wildfake\Images\Diffusion_based\DALLE\DALLE\Advanced\DALLE3\dalle3\202311011943129901ca391019566e\0199b3d7eac3efb5e6a57ec8044c6f87.jpg,1,ai,noise_s0.1,0.986134,1,1
data\wildfake\Images\Diffusion_based\DALLE\DALLE\Advanced\DALLE3\dalle3\202311011943129901ca391019566e\019e486743b8e231bc299da988d9e6c8.jpg,1,ai,noise_s0.1,0.561748,1,1
data\wildfake\Images\Diffusion_based\DALLE\DALLE\Advanced\DALLE3\dalle3\202311011943129901ca391019566e\01ba9ec6bf20f7713b2367189281182e.jpg,1,ai,noise_s0.1,0.974279,1,1
data\wildfake\Images\Diffusion_based\DALLE\DALLE\Advanced\DALLE3\dalle3\202311011943129901ca391019566e\021108a4d05cd0b11e99b0138260665a.jpg,1,ai,noise_s0.1,0.516257,1,1
data\val\real\000000000139.jpg,0,real,jitter_20pct,0.294470,0,1
data\val\real\000000000285.jpg,0,real,jitter_20pct,0.017960,0,1
data\val\real\000000000632.jpg,0,real,jitter_20pct,0.799556,1,0
data\val\real\000000000724.jpg,0,real,jitter_20pct,0.123821,0,1
data\val\real\000000000776.jpg,0,real,jitter_20pct,0.079518,0,1
data\val\real\000000000785.jpg,0,real,jitter_20pct,0.303735,0,1
data\val\real\000000000802.jpg,0,real,jitter_20pct,0.004277,0,1
data\val\real\000000000872.jpg,0,real,jitter_20pct,0.004173,0,1
data\val\real\000000000885.jpg,0,real,jitter_20pct,0.158288,0,1
data\val\real\000000001000.jpg,0,real,jitter_20pct,0.016365,0,1
data\val\real\000000001268.jpg,0,real,jitter_20pct,0.018982,0,1
data\val\real\000000001296.jpg,0,real,jitter_20pct,0.051417,0,1
data\val\real\000000001353.jpg,0,real,jitter_20pct,0.003483,0,1
data\val\real\000000001425.jpg,0,real,jitter_20pct,0.259199,0,1
data\val\real\000000001490.jpg,0,real,jitter_20pct,0.014415,0,1
data\val\real\000000001503.jpg,0,real,jitter_20pct,0.017292,0,1
data\val\real\000000001532.jpg,0,real,jitter_20pct,0.092881,0,1
data\val\real\000000001584.jpg,0,real,jitter_20pct,0.281360,0,1
data\val\real\000000001675.jpg,0,real,jitter_20pct,0.006841,0,1
data\val\real\000000001761.jpg,0,real,jitter_20pct,0.067491,0,1
data\wildfake\Images\Diffusion_based\DALLE\DALLE\Advanced\DALLE3\dalle3\202311011943129901ca391019566e\0000bc251bd2e98239266f18c7422f00.jpg,1,ai,jitter_20pct,0.999955,1,1
data\wildfake\Images\Diffusion_based\DALLE\DALLE\Advanced\DALLE3\dalle3\202311011943129901ca391019566e\001f5052a8976abf8628979c0a3295fd.jpg,1,ai,jitter_20pct,0.997206,1,1
data\wildfake\Images\Diffusion_based\DALLE\DALLE\Advanced\DALLE3\dalle3\202311011943129901ca391019566e\003a4c6ab6f2b3ab9658a92b5f05945e.jpg,1,ai,jitter_20pct,0.996805,1,1
data\wildfake\Images\Diffusion_based\DALLE\DALLE\Advanced\DALLE3\dalle3\202311011943129901ca391019566e\0043fbaa145d5c0a2a40d46645ed83cb.jpg,1,ai,jitter_20pct,0.993582,1,1
data\wildfake\Images\Diffusion_based\DALLE\DALLE\Advanced\DALLE3\dalle3\202311011943129901ca391019566e\00470ad00ea26cb498a51499f937e52b.jpg,1,ai,jitter_20pct,0.973958,1,1
data\wildfake\Images\Diffusion_based\DALLE\DALLE\Advanced\DALLE3\dalle3\202311011943129901ca391019566e\0052d17a5ef60d0d179717f85046f4b1.jpg,1,ai,jitter_20pct,0.819234,1,1
data\wildfake\Images\Diffusion_based\DALLE\DALLE\Advanced\DALLE3\dalle3\202311011943129901ca391019566e\009bbc62119d37a8fbb83bb9e0dbc508.jpg,1,ai,jitter_20pct,0.997052,1,1
data\wildfake\Images\Diffusion_based\DALLE\DALLE\Advanced\DALLE3\dalle3\202311011943129901ca391019566e\00c573bb9bc5a7eb21bc3be7ae501662.jpg,1,ai,jitter_20pct,0.663347,1,1
data\wildfake\Images\Diffusion_based\DALLE\DALLE\Advanced\DALLE3\dalle3\202311011943129901ca391019566e\00d38429f2b27b0c1704ee2e62d7a990.jpg,1,ai,jitter_20pct,0.942116,1,1
data\wildfake\Images\Diffusion_based\DALLE\DALLE\Advanced\DALLE3\dalle3\202311011943129901ca391019566e\00d73c1e7e3b3890737927fc56ce6e63.jpg,1,ai,jitter_20pct,0.989930,1,1
data\wildfake\Images\Diffusion_based\DALLE\DALLE\Advanced\DALLE3\dalle3\202311011943129901ca391019566e\00fcdf259a2e197eea470d5df3473c65.jpg,1,ai,jitter_20pct,0.996346,1,1
data\wildfake\Images\Diffusion_based\DALLE\DALLE\Advanced\DALLE3\dalle3\202311011943129901ca391019566e\01007fafc81c71ac48435ee0c7d4f2e3.jpg,1,ai,jitter_20pct,0.998407,1,1
data\wildfake\Images\Diffusion_based\DALLE\DALLE\Advanced\DALLE3\dalle3\202311011943129901ca391019566e\010d7366d58b4b5c787bcad069c1730b.jpg,1,ai,jitter_20pct,0.999627,1,1
data\wildfake\Images\Diffusion_based\DALLE\DALLE\Advanced\DALLE3\dalle3\202311011943129901ca391019566e\012bdc65f98678a9d2f300d3828985c2.jpg,1,ai,jitter_20pct,0.934352,1,1
data\wildfake\Images\Diffusion_based\DALLE\DALLE\Advanced\DALLE3\dalle3\202311011943129901ca391019566e\01427a315cdbac9741097790f78aa0fe.jpg,1,ai,jitter_20pct,0.996019,1,1
data\wildfake\Images\Diffusion_based\DALLE\DALLE\Advanced\DALLE3\dalle3\202311011943129901ca391019566e\01686507673b71e4d1fae61f9f3f305b.jpg,1,ai,jitter_20pct,0.997332,1,1
data\wildfake\Images\Diffusion_based\DALLE\DALLE\Advanced\DALLE3\dalle3\202311011943129901ca391019566e\0199b3d7eac3efb5e6a57ec8044c6f87.jpg,1,ai,jitter_20pct,0.998259,1,1
data\wildfake\Images\Diffusion_based\DALLE\DALLE\Advanced\DALLE3\dalle3\202311011943129901ca391019566e\019e486743b8e231bc299da988d9e6c8.jpg,1,ai,jitter_20pct,0.695467,1,1
data\wildfake\Images\Diffusion_based\DALLE\DALLE\Advanced\DALLE3\dalle3\202311011943129901ca391019566e\01ba9ec6bf20f7713b2367189281182e.jpg,1,ai,jitter_20pct,0.998260,1,1
data\wildfake\Images\Diffusion_based\DALLE\DALLE\Advanced\DALLE3\dalle3\202311011943129901ca391019566e\021108a4d05cd0b11e99b0138260665a.jpg,1,ai,jitter_20pct,0.909604,1,1
data\val\real\000000000139.jpg,0,real,crop_80pct,0.297413,0,1
data\val\real\000000000285.jpg,0,real,crop_80pct,0.011423,0,1
data\val\real\000000000632.jpg,0,real,crop_80pct,0.014664,0,1
data\val\real\000000000724.jpg,0,real,crop_80pct,0.194471,0,1
data\val\real\000000000776.jpg,0,real,crop_80pct,0.068658,0,1
data\val\real\000000000785.jpg,0,real,crop_80pct,0.087805,0,1
data\val\real\000000000802.jpg,0,real,crop_80pct,0.001544,0,1
data\val\real\000000000872.jpg,0,real,crop_80pct,0.002229,0,1
data\val\real\000000000885.jpg,0,real,crop_80pct,0.137773,0,1
data\val\real\000000001000.jpg,0,real,crop_80pct,0.001165,0,1
data\val\real\000000001268.jpg,0,real,crop_80pct,0.049333,0,1
data\val\real\000000001296.jpg,0,real,crop_80pct,0.037332,0,1
data\val\real\000000001353.jpg,0,real,crop_80pct,0.000335,0,1
data\val\real\000000001425.jpg,0,real,crop_80pct,0.071779,0,1
data\val\real\000000001490.jpg,0,real,crop_80pct,0.047676,0,1
data\val\real\000000001503.jpg,0,real,crop_80pct,0.004698,0,1
data\val\real\000000001532.jpg,0,real,crop_80pct,0.017310,0,1
data\val\real\000000001584.jpg,0,real,crop_80pct,0.145174,0,1
data\val\real\000000001675.jpg,0,real,crop_80pct,0.001265,0,1
data\val\real\000000001761.jpg,0,real,crop_80pct,0.019199,0,1
data\wildfake\Images\Diffusion_based\DALLE\DALLE\Advanced\DALLE3\dalle3\202311011943129901ca391019566e\0000bc251bd2e98239266f18c7422f00.jpg,1,ai,crop_80pct,0.999659,1,1
data\wildfake\Images\Diffusion_based\DALLE\DALLE\Advanced\DALLE3\dalle3\202311011943129901ca391019566e\001f5052a8976abf8628979c0a3295fd.jpg,1,ai,crop_80pct,0.989766,1,1
data\wildfake\Images\Diffusion_based\DALLE\DALLE\Advanced\DALLE3\dalle3\202311011943129901ca391019566e\003a4c6ab6f2b3ab9658a92b5f05945e.jpg,1,ai,crop_80pct,0.997920,1,1
data\wildfake\Images\Diffusion_based\DALLE\DALLE\Advanced\DALLE3\dalle3\202311011943129901ca391019566e\0043fbaa145d5c0a2a40d46645ed83cb.jpg,1,ai,crop_80pct,0.984326,1,1
data\wildfake\Images\Diffusion_based\DALLE\DALLE\Advanced\DALLE3\dalle3\202311011943129901ca391019566e\00470ad00ea26cb498a51499f937e52b.jpg,1,ai,crop_80pct,0.908198,1,1
data\wildfake\Images\Diffusion_based\DALLE\DALLE\Advanced\DALLE3\dalle3\202311011943129901ca391019566e\0052d17a5ef60d0d179717f85046f4b1.jpg,1,ai,crop_80pct,0.760874,1,1
data\wildfake\Images\Diffusion_based\DALLE\DALLE\Advanced\DALLE3\dalle3\202311011943129901ca391019566e\009bbc62119d37a8fbb83bb9e0dbc508.jpg,1,ai,crop_80pct,0.995131,1,1
data\wildfake\Images\Diffusion_based\DALLE\DALLE\Advanced\DALLE3\dalle3\202311011943129901ca391019566e\00c573bb9bc5a7eb21bc3be7ae501662.jpg,1,ai,crop_80pct,0.676691,1,1
data\wildfake\Images\Diffusion_based\DALLE\DALLE\Advanced\DALLE3\dalle3\202311011943129901ca391019566e\00d38429f2b27b0c1704ee2e62d7a990.jpg,1,ai,crop_80pct,0.734749,1,1
data\wildfake\Images\Diffusion_based\DALLE\DALLE\Advanced\DALLE3\dalle3\202311011943129901ca391019566e\00d73c1e7e3b3890737927fc56ce6e63.jpg,1,ai,crop_80pct,0.984820,1,1
data\wildfake\Images\Diffusion_based\DALLE\DALLE\Advanced\DALLE3\dalle3\202311011943129901ca391019566e\00fcdf259a2e197eea470d5df3473c65.jpg,1,ai,crop_80pct,0.978897,1,1
data\wildfake\Images\Diffusion_based\DALLE\DALLE\Advanced\DALLE3\dalle3\202311011943129901ca391019566e\01007fafc81c71ac48435ee0c7d4f2e3.jpg,1,ai,crop_80pct,0.969566,1,1
data\wildfake\Images\Diffusion_based\DALLE\DALLE\Advanced\DALLE3\dalle3\202311011943129901ca391019566e\010d7366d58b4b5c787bcad069c1730b.jpg,1,ai,crop_80pct,0.999140,1,1
data\wildfake\Images\Diffusion_based\DALLE\DALLE\Advanced\DALLE3\dalle3\202311011943129901ca391019566e\012bdc65f98678a9d2f300d3828985c2.jpg,1,ai,crop_80pct,0.860183,1,1
data\wildfake\Images\Diffusion_based\DALLE\DALLE\Advanced\DALLE3\dalle3\202311011943129901ca391019566e\01427a315cdbac9741097790f78aa0fe.jpg,1,ai,crop_80pct,0.993883,1,1
data\wildfake\Images\Diffusion_based\DALLE\DALLE\Advanced\DALLE3\dalle3\202311011943129901ca391019566e\01686507673b71e4d1fae61f9f3f305b.jpg,1,ai,crop_80pct,0.987150,1,1
data\wildfake\Images\Diffusion_based\DALLE\DALLE\Advanced\DALLE3\dalle3\202311011943129901ca391019566e\0199b3d7eac3efb5e6a57ec8044c6f87.jpg,1,ai,crop_80pct,0.984411,1,1
data\wildfake\Images\Diffusion_based\DALLE\DALLE\Advanced\DALLE3\dalle3\202311011943129901ca391019566e\019e486743b8e231bc299da988d9e6c8.jpg,1,ai,crop_80pct,0.301536,0,0
data\wildfake\Images\Diffusion_based\DALLE\DALLE\Advanced\DALLE3\dalle3\202311011943129901ca391019566e\01ba9ec6bf20f7713b2367189281182e.jpg,1,ai,crop_80pct,0.991216,1,1
data\wildfake\Images\Diffusion_based\DALLE\DALLE\Advanced\DALLE3\dalle3\202311011943129901ca391019566e\021108a4d05cd0b11e99b0138260665a.jpg,1,ai,crop_80pct,0.730025,1,1
